{"stats":{"minecraft:killed":{"born_in_chaos_v1:mr_pumpkin":2,"born_in_chaos_v1:restless_spirit":3,"born_in_chaos_v1:sir_the_headless":2,"minecraft:spider":7,"born_in_chaos_v1:baby_skeleton_minion":1,"seadwellers:mermorph_architect":1,"minecraft:skeleton":8,"graveyard:acolyte":7,"born_in_chaos_v1:skeleton_thrasher":1,"born_in_chaos_v1:supreme_bonescaller_stage_2":1,"born_in_chaos_v1:diamond_termite":1,"born_in_chaos_v1:shy_spirit":1,"minecraft:creeper":2,"minecraft:pillager":1,"minecraft:zombie":12,"minecraft:stray":1,"born_in_chaos_v1:door_knight":1,"graveyard:corrupted_pillager":9,"graveyard:corrupted_vindicator":13,"born_in_chaos_v1:skeleton_thrasher_not_despawn":1,"born_in_chaos_v1:maggot":6,"born_in_chaos_v1:pumpkinhead":2,"minecraft:horse":85,"born_in_chaos_v1:corpse_fish":1,"minecraft:husk":8,"born_in_chaos_v1:felsteed":2,"born_in_chaos_v1:bone_imp_minion":10,"minecraft:hoglin":1,"born_in_chaos_v1:bloody_gadfly":2,"born_in_chaos_v1:nightmare_stalker":1},"minecraft:picked_up":{"minecraft:iron_chestplate":1,"minecraft:wheat":1,"minecraft:iron_trapdoor":6,"minecraft:anvil":2,"minecraft:yellow_wool":4,"minecraft:diamond_sword":2,"minecraft:wither_rose":1,"minecraft:enchanted_book":2,"born_in_chaos_v1:holiday_candy":21,"minecraft:music_disc_cat":1,"minecraft:string":13,"minecraft:raw_copper":194,"minecraft:activator_rail":4,"minecraft:bucket":1,"minecraft:redstone_torch":2,"minecraft:rose_bush":1,"minecraft:cobblestone_slab":12,"minecraft:smooth_quartz":7,"sophisticatedbackpacks:netherite_backpack":5,"minecraft:furnace":1,"farmersdelight:cabbage_seeds":16,"minecraft:tipped_arrow":1,"born_in_chaos_v1:shattered_skull":4,"minecraft:torch":246,"born_in_chaos_v1:nightmare_claw":1,"minecraft:golden_chestplate":1,"minecraft:black_dye":2,"minecraft:orange_bed":9,"minecraft:rotten_flesh":26,"farmersdelight:onion":1,"farmersdelight:rope":18,"minecraft:obsidian":1,"minecraft:cobblestone":3101,"minecraft:leather_chestplate":1,"minecraft:cooked_beef":64,"farmersdelight:rice":12,"minecraft:repeater":3,"minecraft:water_bucket":1,"minecraft:andesite":10,"minecraft:black_bed":14,"minecraft:chiseled_quartz_block":1,"minecraft:flint":2,"born_in_chaos_v1:black_argillite_button":2,"minecraft:magenta_bed":4,"minecraft:gray_concrete":4,"minecraft:dirt":155,"minecraft:bone":75,"minecraft:acacia_planks":8,"minecraft:bow":3,"minecraft:wheat_seeds":24,"minecraft:dark_oak_sign":1,"minecraft:powered_rail":4,"minecraft:cooked_porkchop":18,"minecraft:music_disc_13":2,"graveyard:bone_dagger":1,"sophisticatedbackpacks:iron_backpack":7,"minecraft:acacia_stairs":7,"minecraft:cyan_bed":4,"minecraft:lily_of_the_valley":1,"minecraft:trapped_chest":1,"minecraft:light_gray_concrete":2,"born_in_chaos_v1:supreme_measure":1,"minecraft:diamond":2,"moguns:slug":150,"minecraft:granite":6,"minecraft:golden_apple":115,"minecraft:emerald":21,"minecraft:bread":12,"minecraft:oak_sapling":2,"minecraft:andesite_slab":6,"minecraft:diamond_pickaxe":6,"born_in_chaos_v1:diamond_termite_shard":1,"minecraft:allium":3,"minecraft:azure_bluet":3,"minecraft:chicken":1,"born_in_chaos_v1:seedof_chaos":3,"minecraft:chain":4,"minecraft:shield":3,"minecraft:jungle_trapdoor":1,"minecraft:cyan_carpet":1,"graveyard:corruption":33,"minecraft:detector_rail":4,"minecraft:poppy":2,"minecraft:chest":2,"minecraft:egg":21,"minecraft:stone":2,"farmersdelight:tomato_seeds":4,"minecraft:stone_button":6,"minecraft:carrot":95,"minecraft:redstone":15,"minecraft:dark_oak_planks":25,"minecraft:arrow":31,"minecraft:beetroot_seeds":11,"minecraft:hay_block":5,"minecraft:gold_ingot":8,"minecraft:glow_berries":11,"securitycraft:keypad_door_item":1,"minecraft:skeleton_skull":2,"minecraft:rail":13,"born_in_chaos_v1:corpse_maggot":8,"minecraft:air":0,"born_in_chaos_v1:monster_flesh":5,"born_in_chaos_v1:pumpkin_staff":1,"minecraft:glow_ink_sac":3,"minecraft:leather":72,"minecraft:filled_map":2,"minecraft:gunpowder":6,"simpletomb:grave_key":1,"minecraft:cooked_mutton":64,"born_in_chaos_v1:soul_cutlass":2,"minecraft:apple":53,"minecraft:iron_ingot":3,"born_in_chaos_v1:fel_lamp":1,"minecraft:polished_andesite_slab":9,"minecraft:pumpkin":16,"born_in_chaos_v1:ethereal_spirit":1,"born_in_chaos_v1:orbofthe_summoner":1,"minecraft:quartz":1,"minecraft:gravel":26,"minecraft:white_bed":2,"minecraft:spider_eye":2,"minecraft:leather_helmet":1,"minecraft:pumpkin_seeds":7,"minecraft:diamond_axe":1,"minecraft:painting":5,"knight_quest:kq_great_essence":1,"minecraft:baked_potato":1,"minecraft:coal":118},"minecraft:dropped":{"sophisticatedbackpacks:iron_backpack":7,"minecraft:diamond_axe":1,"minecraft:lapis_lazuli":34,"minecraft:cooked_beef":64,"minecraft:glow_ink_sac":3,"minecraft:baked_potato":1,"minecraft:ender_pearl":7,"minecraft:diamond":42,"minecraft:cooked_porkchop":64,"minecraft:glow_berries":11,"minecraft:leather":146,"minecraft:iron_horse_armor":1,"minecraft:saddle":1,"minecraft:rail":13,"minecraft:red_carpet":18,"minecraft:flint":2,"minecraft:emerald":10,"born_in_chaos_v1:monster_flesh":1,"minecraft:dirt":46,"minecraft:gray_concrete":4,"minecraft:dark_oak_log":192,"minecraft:stone_button":2,"born_in_chaos_v1:monster_skin":35,"born_in_chaos_v1:fel_lamp":2,"sophisticatedbackpacks:netherite_backpack":6,"minecraft:chain":3,"farmersdelight:onion":17,"minecraft:glistering_melon_slice":13,"minecraft:iron_pickaxe":2,"minecraft:dark_oak_planks":119,"minecraft:bone":113,"minecraft:gravel":4,"minecraft:polished_andesite_slab":7,"minecraft:cooked_chicken":65,"minecraft:golden_chestplate":1,"minecraft:andesite_slab":1,"minecraft:wheat":16,"minecraft:obsidian":9,"moguns:slug":64,"minecraft:rotten_flesh":22,"minecraft:diamond_shovel":2,"minecraft:cooked_mutton":64,"minecraft:acacia_stairs":7,"sophisticatedbackpacks:diamond_backpack":3,"minecraft:carrot":89,"sophisticatedbackpacks:smoking_upgrade":1,"minecraft:poppy":2,"minecraft:tipped_arrow":1,"minecraft:gunpowder":3,"minecraft:beetroot_seeds":11,"born_in_chaos_v1:corpse_maggot":8,"minecraft:chest":1,"minecraft:arrow":27,"minecraft:powered_rail":4,"minecraft:quartz":1,"minecraft:egg":21,"farmersdelight:tomato_seeds":4,"minecraft:enchanted_book":13,"minecraft:water_bucket":1,"minecraft:iron_ingot":233,"minecraft:bread":68,"minecraft:black_dye":3,"minecraft:wheat_seeds":18,"sophisticatedbackpacks:auto_smoking_upgrade":1,"simpletomb:grave_key":1,"minecraft:diamond_leggings":2,"minecraft:oak_fence":1,"minecraft:lead":1,"minecraft:iron_helmet":3,"minecraft:cobblestone":810,"minecraft:apple":64,"minecraft:granite":3,"minecraft:activator_rail":4,"minecraft:copper_ingot":3,"minecraft:golden_apple":84,"minecraft:magenta_bed":2,"born_in_chaos_v1:pumpkin_staff":1,"minecraft:iron_trapdoor":6,"minecraft:torch":188,"minecraft:iron_door":2,"minecraft:diamond_helmet":2,"minecraft:iron_leggings":3,"minecraft:wither_rose":1,"minecraft:iron_axe":3,"minecraft:orange_bed":1,"sophisticatedbackpacks:crafting_upgrade":2,"minecraft:string":3,"minecraft:trapped_chest":1,"minecraft:bucket":1,"minecraft:acacia_planks":8,"minecraft:redstone":181,"minecraft:furnace":1,"minecraft:anvil":1,"minecraft:chiseled_quartz_block":1,"minecraft:dark_oak_sign":1,"minecraft:raw_copper":194,"farmersdelight:cabbage_seeds":16,"minecraft:chicken":13,"minecraft:iron_boots":3,"minecraft:light_gray_concrete":2,"minecraft:totem_of_undying":3,"minecraft:pumpkin_seeds":7,"minecraft:lily_of_the_valley":1,"minecraft:filled_map":1,"minecraft:diamond_sword":3,"minecraft:cobblestone_slab":6,"minecraft:hay_block":3,"minecraft:stone":1,"minecraft:shield":1,"minecraft:diamond_chestplate":3,"minecraft:diamond_pickaxe":13,"minecraft:iron_chestplate":4,"minecraft:andesite":7,"minecraft:oak_sapling":2,"minecraft:spider_eye":1,"minecraft:diamond_boots":2,"minecraft:bow":2,"born_in_chaos_v1:supreme_measure":1,"minecraft:cyan_bed":1},"minecraft:mined":{"minecraft:dark_oak_planks":26,"minecraft:white_bed":2,"minecraft:obsidian":1,"minecraft:granite":3,"minecraft:grass_block":25,"minecraft:spawner":2,"minecraft:weeping_vines_plant":2,"minecraft:pumpkin":16,"minecraft:anvil":1,"minecraft:azure_bluet":1,"minecraft:light_gray_concrete":1,"minecraft:orange_bed":7,"minecraft:jungle_trapdoor":1,"minecraft:chiseled_quartz_block":1,"minecraft:torch":6,"minecraft:chest":2,"minecraft:cobblestone":197,"minecraft:cyan_bed":2,"minecraft:wall_torch":23,"minecraft:chain":1,"minecraft:repeater":3,"minecraft:yellow_wool":4,"minecraft:light_gray_stained_glass":9,"minecraft:wheat":3,"minecraft:magenta_bed":3,"minecraft:lilac":1,"minecraft:black_bed":14,"minecraft:grass":106,"minecraft:dirt":97,"minecraft:smooth_quartz":7,"born_in_chaos_v1:infernal_evil_pumpkin_s":2,"minecraft:oak_leaves":6,"minecraft:ladder":1,"minecraft:polished_andesite_slab":7,"minecraft:spruce_leaves":5,"minecraft:hay_block":2,"farmersdelight:wild_onions":1,"minecraft:black_stained_glass_pane":2,"minecraft:furnace":2,"minecraft:carrots":3,"minecraft:andesite":12,"minecraft:potatoes":1,"minecraft:cobblestone_slab":9,"minecraft:packed_ice":8,"minecraft:stone":5077,"minecraft:gray_concrete":4,"minecraft:emerald_ore":6,"minecraft:rose_bush":1,"minecraft:andesite_slab":5,"minecraft:tall_grass":7,"minecraft:copper_ore":22,"minecraft:redstone_torch":1,"minecraft:coal_ore":44,"minecraft:gravel":40,"minecraft:cobweb":1,"minecraft:acacia_planks":4,"minecraft:fern":2},"minecraft:broken":{"minecraft:diamond_helmet":1,"sanitydim:garland":1},"minecraft:crafted":{"graveyard:bone_dagger":1,"minecraft:chest":1,"minecraft:diamond_pickaxe":1,"minecraft:dark_oak_planks":256},"minecraft:custom":{"minecraft:open_barrel":18,"minecraft:leave_game":12,"minecraft:time_since_death":351151,"minecraft:sprint_one_cm":996327,"minecraft:drop":285,"minecraft:talked_to_villager":2,"minecraft:play_time":1069511,"minecraft:deaths":61,"minecraft:jump":8418,"minecraft:interact_with_brewingstand":1,"minecraft:walk_on_water_one_cm":74310,"minecraft:interact_with_furnace":1,"minecraft:interact_with_cartography_table":1,"minecraft:sleep_in_bed":88,"minecraft:damage_dealt":54068,"minecraft:player_kills":28,"minecraft:crouch_one_cm":206037,"minecraft:mob_kills":199,"minecraft:interact_with_anvil":48,"minecraft:damage_dealt_resisted":5241,"minecraft:climb_one_cm":11487,"minecraft:walk_one_cm":1980078,"minecraft:damage_dealt_absorbed":9,"minecraft:sneak_time":61921,"minecraft:walk_under_water_one_cm":137480,"minecraft:total_world_time":1069511,"minecraft:time_since_rest":17924,"minecraft:damage_taken":46430,"minecraft:damage_absorbed":948,"minecraft:trigger_trapped_chest":76,"minecraft:swim_one_cm":41772,"minecraft:fly_one_cm":2800723,"minecraft:open_chest":162,"minecraft:fall_one_cm":532987},"minecraft:killed_by":{"midnightlurker:midnight_lurker_aggressive":1,"minecraft:wither_skeleton":5,"sanitydim:rotting_stalker":1,"graveyard:skeleton_creeper":1,"sanitydim:sneaking_terror":3,"the_one_who_watches:toww_running":2,"minecraft:zombie":1,"minecraft:husk":1,"minecraft:player":21,"born_in_chaos_v1:phantom_creeper":1},"minecraft:used":{"minecraft:writable_book":1,"born_in_chaos_v1:cursed_scarlet_ornate_glass_pane":2,"gamingchairs2:trespantallasverde":1,"minecraft:spruce_slab":1,"minecraft:smooth_quartz_slab":37,"farmersdelight:stove":1,"minecraft:chest":14,"minecraft:stone":516,"gamingchairs2:kawaipcverde":3,"securitycraft:keypad_item":1,"moguns:glock17":13,"minecraft:nether_bricks":394,"minecraft:carrot":2,"minecraft:allium":3,"minecraft:obsidian":31,"minecraft:stripped_spruce_log":1,"securitycraft:secret_spruce_sign_item":1,"minecraft:glass":367,"born_in_chaos_v1:eternal_candy":1,"minecraft:black_stained_glass_pane":18,"minecraft:red_wool":9,"moguns:benelli":3,"minecraft:grass_block":677,"cfm:stripped_dark_oak_table":1,"minecraft:dark_oak_slab":197,"gamingdeco:keyboard_1_light":2,"securitycraft:secret_mangrove_sign_item":1,"minecraft:bedrock":36,"minecraft:repeater":27,"farmersdelight:cutting_board":1,"minecraft:magma_block":154,"minecraft:brown_carpet":1,"minecraft:hay_block":1,"born_in_chaos_v1:fel_lamp":2,"minecraft:oak_sapling":5,"farmersdelight:safety_net":7,"cfm:dark_oak_coffee_table":9,"moguns:scar_h":4,"minecraft:skeleton_skull":6,"cgm:heavy_rifle":3,"moguns:scar_l":15,"moguns:ppsh_41":246,"butchercraft:meat_hook_item":22,"securitycraft:door_indestructible_iron_item":6,"gamingdeco:gaming_pc_1_off":4,"minecraft:dark_oak_sign":7,"moguns:akm_custom":66,"cfm:black_cooler":10,"minecraft:ender_pearl":3,"born_in_chaos_v1:diamond_termite_spawn_egg":1,"minecraft:diamond_axe":70,"gamingchairs2:cpurosa":1,"butchercraft:butcher_block_block_item":1,"minecraft:smooth_quartz_stairs":232,"moguns:trashcan":3,"minecraft:golden_apple":30,"minecraft:dark_oak_trapdoor":4,"minecraft:sand":49,"cfm:orange_sofa":5,"cgm:bazooka":3,"minecraft:purple_terracotta":10,"minecraft:black_bed":25,"minecraft:redstone_torch":21,"minecraft:sticky_piston":44,"minecraft:lever":5,"cfm:dark_oak_cabinet":14,"minecraft:black_concrete":30,"cfm:gray_kitchen_drawer":1,"minecraft:bread":23,"minecraft:cyan_bed":3,"minecraft:cyan_carpet":1,"minecraft:stone_button":8,"gamingchairs2:trespantallasazul":2,"graveyard:gravestone":8,"moguns:m1_garand":1,"cfm:stripped_dark_oak_coffee_table":10,"butchercraft:lamb_block_item":1,"minecraft:gravel":2,"minecraft:polished_andesite_slab":2,"gamingdeco:asas_gaming_monitor_packaging_box":1,"minecraft:diamond_sword":146,"moguns:butterfly_gun":39,"minecraft:dark_oak_fence":261,"gamingdeco:modern_tv_on":2,"cfm:dark_oak_chair":33,"minecraft:coarse_dirt":8,"minecraft:bone_meal":69,"minecraft:cobweb":1,"moguns:welrod":2,"gamingchairs2:espadadecoverde":1,"sophisticatedbackpacks:iron_backpack":1,"minecraft:flint_and_steel":2,"moguns:remington_870":218,"minecraft:stone_shovel":43,"minecraft:redstone":195,"graveyard:wither_bone_remains":1,"moguns:mp5":29,"moguns:mossberg":2,"born_in_chaos_v1:shell_mace":2,"securitycraft:keypad_door_item":8,"minecraft:netherrack":461,"simpletomb:grave_key":70,"minecraft:orange_bed":8,"minecraft:torch":381,"minecraft:brewing_stand":3,"minecraft:dirt":67,"minecraft:anvil":16,"moguns:wrapped_rifle":6,"minecraft:white_carpet":47,"seadwellers:random_mermorph_spawn_egg":1,"minecraft:nether_brick_slab":13,"gamingchairs2:kawaicpulila":1,"minecraft:jungle_trapdoor":1,"cgm:rifle":1,"minecraft:nether_brick_stairs":65,"butchercraft:drying_rack_item":1,"farmersdelight:rope":68,"securitycraft:reinforced_black_wool":18,"moguns:double_barrel":13,"born_in_chaos_v1:supreme_measure":83,"minecraft:dark_oak_planks":2264,"moguns:thompson":6,"minecraft:sea_lantern":53,"minecraft:chipped_anvil":5,"born_in_chaos_v1:black_argillite_button":8,"minecraft:rooted_dirt":1,"cfm:dark_oak_kitchen_sink_light":4,"minecraft:smooth_quartz":2486,"farmersdelight:cabbage_crate":3,"moguns:micro_uzi":141,"minecraft:glowstone":122,"farmersdelight:basket":2,"minecraft:golden_carrot":16,"moguns:uzi":5,"cfm:fridge_light":2,"cfm:dark_oak_table":30,"farmersdelight:cooking_pot":5,"securitycraft:block_pocket_wall":5,"moguns:m2":23,"minecraft:trapped_chest":8,"cfm:black_kitchen_counter":33,"gamingdeco:alpha_7_4_ob_medium":1,"cfm:dark_oak_crate":6,"minecraft:pumpkin":3,"born_in_chaos_v1:lord_pumpkinheads_lamp":10,"gamingdeco:gaming_pc_1_light_off":1,"gamingchairs2:laptopkingazul":1,"cfm:black_kitchen_drawer":4,"gamingchairs2:textorojo":1,"minecraft:water_bucket":241,"butchercraft:cow_hide":1,"moguns:as_val":9,"farmersdelight:skillet":2,"gamingchairs2:laptopkingturquesa":4,"minecraft:andesite_slab":5,"gamingchairs2:trespantallasnegra":2,"minecraft:chiseled_nether_bricks":1,"minecraft:cobblestone_slab":84,"minecraft:horse_spawn_egg":84,"moguns:akm":35,"minecraft:polished_deepslate_slab":4,"minecraft:mossy_cobblestone":3,"cfm:brown_kitchen_drawer":1,"minecraft:red_bed":5,"minecraft:magenta_bed":2,"gamingchairs2:pantallaconaltavocesmoradaon":3,"minecraft:white_bed":5,"minecraft:dark_oak_fence_gate":2,"gamingdeco:gaming_monitor_curved_nsi_off":1,"minecraft:painting":112,"minecraft:dark_oak_door":9,"securitycraft:reinforced_lever":3,"gamingdeco:modern_tv_type_2_on":3,"minecraft:black_wool":19,"minecraft:diamond_pickaxe":5420,"minecraft:diamond_shovel":190,"moguns:famas":13,"cfm:fridge_dark":1,"farmersdelight:light_gray_canvas_sign":1,"minecraft:cracked_nether_bricks":84,"gamingchairs2:smileylogo":1,"minecraft:yellow_wool":4,"seadwellers:depth_sword":2,"minecraft:cobblestone":562,"moguns:m16a1":7,"minecraft:cooked_porkchop":4,"minecraft:bucket":22,"cfm:acacia_table":1,"cfm:light_gray_sofa":27,"minecraft:smooth_stone":161}},"DataVersion":3120}