{"stats":{"minecraft:killed":{"minecraft:iron_golem":1,"minecraft:spider":1,"born_in_chaos_v1:decrepit_skeleton":1,"minecraft:sheep":1,"minecraft:zombie":1,"minecraft:chicken":1},"minecraft:dropped":{"sophisticatedbackpacks:iron_backpack":1,"minecraft:wheat_seeds":1,"minecraft:dark_oak_sapling":1,"simpletomb:grave_key":8,"minecraft:wheat":1,"minecraft:rotten_flesh":1,"minecraft:iron_boots":1,"minecraft:leather":2,"sophisticatedbackpacks:diamond_backpack":1,"minecraft:stick":5,"minecraft:poppy":2,"minecraft:iron_chestplate":2,"minecraft:iron_leggings":2,"minecraft:iron_pickaxe":1,"minecraft:dandelion":9,"minecraft:bone":49},"minecraft:killed_by":{"minecraft:player":21,"minecraft:skeleton":1,"minecraft:creeper":2,"the_one_who_watches:toww_running":1,"minecraft:iron_golem":2},"minecraft:broken":{"minecraft:iron_boots":1,"minecraft:iron_helmet":1},"minecraft:crafted":{"minecraft:crafting_table":1,"minecraft:iron_helmet":1,"minecraft:iron_boots":1,"minecraft:iron_chestplate":1,"minecraft:iron_leggings":1},"minecraft:custom":{"minecraft:mob_kills":7,"minecraft:interact_with_crafting_table":3,"minecraft:leave_game":9,"minecraft:time_since_death":16332,"minecraft:sleep_in_bed":3,"minecraft:climb_one_cm":5705,"minecraft:time_since_rest":16386,"minecraft:sprint_one_cm":139450,"minecraft:walk_one_cm":111330,"minecraft:damage_taken":31988,"minecraft:damage_absorbed":23,"minecraft:drop":26,"minecraft:damage_dealt":3747,"minecraft:swim_one_cm":12287,"minecraft:fly_one_cm":253471,"minecraft:player_kills":18,"minecraft:open_chest":20,"minecraft:crouch_one_cm":5705,"minecraft:play_time":112151,"minecraft:deaths":38,"minecraft:sneak_time":3078,"minecraft:walk_under_water_one_cm":28891,"minecraft:jump":1428,"minecraft:walk_on_water_one_cm":20971,"minecraft:total_world_time":112151,"minecraft:fall_one_cm":303914},"minecraft:mined":{"minecraft:dark_oak_planks":3,"minecraft:jungle_leaves":1,"minecraft:grass_block":2,"minecraft:tall_grass":3,"minecraft:carrots":3,"minecraft:wheat":2,"minecraft:grass":43},"minecraft:used":{"minecraft:water_bucket":11,"minecraft:iron_sword":12,"simpletomb:grave_key":29,"minecraft:golden_apple":1,"minecraft:dirt":1,"minecraft:mutton":8,"minecraft:crafting_table":1,"moguns:glock17":2,"minecraft:carrot":4,"minecraft:dark_oak_planks":34,"minecraft:diamond_pickaxe":4,"minecraft:iron_axe":9,"minecraft:cyan_bed":1,"minecraft:jungle_log":1,"minecraft:cooked_porkchop":1,"minecraft:bucket":11,"moguns:scar_l":6,"cgm:heavy_rifle":14},"minecraft:picked_up":{"minecraft:wheat":3,"minecraft:chicken":1,"minecraft:jungle_log":1,"simpletomb:grave_key":2,"minecraft:dirt":3,"minecraft:bone":50,"minecraft:acacia_trapdoor":1,"minecraft:wheat_seeds":18,"minecraft:iron_ingot":28,"minecraft:poppy":2,"born_in_chaos_v1:shattered_skull":1,"minecraft:torch":1,"sophisticatedbackpacks:iron_backpack":1,"minecraft:carrot":7,"minecraft:dark_oak_planks":3,"minecraft:arrow":2,"minecraft:rotten_flesh":2,"minecraft:golden_apple":1,"minecraft:mutton":2,"minecraft:white_wool":1,"minecraft:cobblestone":4}},"DataVersion":3120}