{"stats":{"minecraft:dropped":{"minecraft:water_bucket":1,"minecraft:wheat_seeds":1,"minecraft:rotten_flesh":7,"minecraft:book":1,"born_in_chaos_v1:soul_cutlass":1,"minecraft:filled_map":1,"minecraft:diamond_pickaxe":4,"born_in_chaos_v1:fel_lamp":1},"minecraft:killed":{"born_in_chaos_v1:barrel_zombie":1,"born_in_chaos_v1:bonescaller":1,"born_in_chaos_v1:mr_pumpkin":1,"minecraft:hoglin":2,"minecraft:creeper":3,"born_in_chaos_v1:zombie_bruiser":1,"born_in_chaos_v1:decrepit_skeleton":3,"minecraft:phantom":4,"minecraft:skeleton":3,"minecraft:pillager":4,"kevin_trophy:crawler_zombie":1,"minecraft:zombie":3,"born_in_chaos_v1:dread_hound":1,"minecraft:chicken":1,"minecraft:wither_skeleton":4},"minecraft:killed_by":{"sanitydim:sneaking_terror":4,"midnightlurker:midnight_lurker_aggressive":4,"minecraft:player":4,"minecraft:wither_skeleton":5,"the_one_who_watches:toww_running":1},"minecraft:broken":{"minecraft:diamond_pickaxe":1,"sanitydim:garland":1},"minecraft:custom":{"minecraft:interact_with_furnace":2,"minecraft:interact_with_anvil":1,"minecraft:mob_kills":35,"minecraft:open_barrel":1,"minecraft:damage_dealt_resisted":356,"minecraft:leave_game":4,"minecraft:time_since_death":10259,"minecraft:sleep_in_bed":17,"minecraft:climb_one_cm":11916,"minecraft:time_since_rest":7469,"minecraft:sprint_one_cm":416694,"minecraft:damage_taken":7535,"minecraft:walk_one_cm":563223,"minecraft:drop":13,"minecraft:damage_dealt":2256,"minecraft:swim_one_cm":12285,"minecraft:fly_one_cm":614351,"minecraft:player_kills":5,"minecraft:open_chest":25,"minecraft:crouch_one_cm":58528,"minecraft:play_time":201891,"minecraft:deaths":18,"minecraft:sneak_time":19522,"minecraft:walk_under_water_one_cm":8077,"minecraft:jump":3163,"minecraft:walk_on_water_one_cm":7761,"minecraft:total_world_time":201891,"minecraft:inspect_dispenser":1,"minecraft:fall_one_cm":91134},"minecraft:mined":{"minecraft:dark_oak_planks":1,"minecraft:torch":3,"minecraft:ladder":1,"minecraft:emerald_ore":1,"minecraft:grass_block":15,"sophisticatedbackpacks:iron_backpack":2,"minecraft:tall_grass":1,"minecraft:copper_ore":13,"minecraft:cobblestone":14,"minecraft:cyan_bed":11,"minecraft:iron_door":1,"minecraft:wall_torch":3,"minecraft:iron_ore":22,"minecraft:fire":2,"minecraft:grass":25,"minecraft:coal_ore":16,"minecraft:sunflower":2,"minecraft:light_gray_concrete":67,"minecraft:dirt":52,"minecraft:stone":4137,"minecraft:tripwire":1,"minecraft:orange_bed":1},"minecraft:used":{"sophisticatedbackpacks:iron_backpack":1,"minecraft:ladder":1,"simpletomb:grave_key":25,"moguns:m1911":25,"minecraft:orange_bed":1,"minecraft:torch":22,"minecraft:golden_apple":2,"minecraft:dirt":28,"born_in_chaos_v1:soul_cutlass":28,"minecraft:dark_oak_planks":121,"minecraft:diamond_pickaxe":4275,"minecraft:diamond_shovel":57,"minecraft:light_gray_concrete":1,"minecraft:cyan_bed":11,"born_in_chaos_v1:nightmare_scythe":39,"minecraft:cobblestone":116,"born_in_chaos_v1:fel_lamp":29,"minecraft:cooked_porkchop":23,"cgm:heavy_rifle":76,"minecraft:golden_pickaxe":3},"minecraft:picked_up":{"minecraft:iron_chestplate":1,"born_in_chaos_v1:pumpkin_staff":1,"minecraft:ladder":2,"born_in_chaos_v1:monster_flesh":2,"minecraft:iron_door":1,"minecraft:water_bucket":1,"minecraft:leather":1,"minecraft:filled_map":1,"minecraft:wither_skeleton_skull":1,"minecraft:dirt":89,"minecraft:white_banner":1,"minecraft:raw_copper":196,"minecraft:bone":9,"born_in_chaos_v1:soul_cutlass":1,"minecraft:wheat_seeds":6,"minecraft:iron_ingot":1,"born_in_chaos_v1:fel_lamp":3,"minecraft:book":1,"minecraft:raw_iron":35,"minecraft:torch":74,"born_in_chaos_v1:orbofthe_summoner":1,"minecraft:gravel":5,"minecraft:porkchop":4,"sophisticatedbackpacks:iron_backpack":2,"minecraft:cyan_bed":11,"minecraft:dark_oak_planks":121,"minecraft:orange_bed":1,"minecraft:light_gray_concrete":66,"minecraft:diamond_shovel":1,"minecraft:arrow":4,"minecraft:rotten_flesh":13,"minecraft:diamond_chestplate":1,"minecraft:diamond":8,"minecraft:golden_apple":10,"minecraft:emerald":1,"minecraft:coal":18,"minecraft:sunflower":2,"minecraft:cobblestone":5018,"minecraft:diamond_pickaxe":6}},"DataVersion":3120}