{"stats":{"minecraft:killed":{"minecraft:witch":1,"born_in_chaos_v1:restless_spirit":1,"born_in_chaos_v1:swarmer":1,"minecraft:spider":1,"born_in_chaos_v1:decrepit_skeleton":1,"born_in_chaos_v1:maggot":1,"born_in_chaos_v1:phantom_creeper_copy":1,"born_in_chaos_v1:decaying_zombie":1,"minecraft:zombie":1,"born_in_chaos_v1:corpse_fly":4,"born_in_chaos_v1:baby_skeleton_2":1},"minecraft:dropped":{"sophisticatedbackpacks:iron_backpack":1,"minecraft:wheat_seeds":11,"simpletomb:grave_key":6,"minecraft:wheat":1,"minecraft:rotten_flesh":4,"minecraft:carrot":4,"minecraft:stick":1,"moguns:glock17":1,"minecraft:dirt":6,"born_in_chaos_v1:corpse_maggot":7,"minecraft:spider_eye":3,"minecraft:iron_axe":1,"minecraft:phantom_membrane":1,"minecraft:string":2,"minecraft:bone":1},"minecraft:killed_by":{"midnightlurker:midnight_lurker_aggressive":1,"minecraft:player":19,"born_in_chaos_v1:nightmare_stalker":1,"minecraft:creeper":3,"the_one_who_watches:toww_running":3,"minecraft:zombie":1,"kevin_trophy:blister_zombie":2,"graveyard:skeleton_creeper":1,"midnightlurker:midnight_lurker_unprovoked":1},"minecraft:crafted":{"minecraft:crafting_table":1,"minecraft:bucket":1},"minecraft:custom":{"minecraft:mob_kills":14,"minecraft:interact_with_crafting_table":1,"minecraft:bell_ring":8,"minecraft:damage_dealt_resisted":156,"minecraft:leave_game":2,"minecraft:time_since_death":13220,"minecraft:sleep_in_bed":1,"minecraft:climb_one_cm":5211,"minecraft:time_since_rest":13249,"minecraft:sprint_one_cm":110642,"minecraft:damage_taken":41667,"minecraft:walk_one_cm":271361,"minecraft:drop":50,"minecraft:damage_dealt":3654,"minecraft:swim_one_cm":37435,"minecraft:talked_to_villager":5,"minecraft:fly_one_cm":186244,"minecraft:player_kills":23,"minecraft:open_chest":23,"minecraft:crouch_one_cm":15429,"minecraft:play_time":104434,"minecraft:deaths":45,"minecraft:sneak_time":6152,"minecraft:walk_under_water_one_cm":58903,"minecraft:jump":1890,"minecraft:walk_on_water_one_cm":9430,"minecraft:total_world_time":104434,"minecraft:fall_one_cm":371981},"minecraft:mined":{"minecraft:dark_oak_planks":2,"minecraft:deepslate_redstone_ore":2,"minecraft:spruce_planks":4,"minecraft:jungle_leaves":16,"minecraft:torch":3,"minecraft:cobbled_deepslate_slab":1,"minecraft:emerald_ore":1,"minecraft:spruce_fence":1,"minecraft:grass_block":2,"minecraft:rose_bush":1,"minecraft:tall_grass":1,"minecraft:carrots":4,"minecraft:acacia_trapdoor":2,"minecraft:wheat":6,"minecraft:peony":2,"minecraft:grass":4,"minecraft:polished_deepslate_slab":3,"minecraft:sand":7,"minecraft:cyan_carpet":1,"minecraft:dirt":23,"minecraft:stone":27,"minecraft:oak_leaves":11,"minecraft:deepslate":3,"minecraft:fern":1},"minecraft:used":{"minecraft:water_bucket":35,"minecraft:oak_planks":2,"minecraft:spruce_planks":3,"minecraft:iron_chestplate":2,"simpletomb:grave_key":43,"minecraft:torch":16,"minecraft:polished_deepslate_slab":1,"minecraft:dirt":25,"minecraft:sand":10,"minecraft:crafting_table":1,"moguns:glock17":48,"minecraft:carrot":7,"minecraft:spruce_fence":1,"minecraft:diamond_pickaxe":1,"minecraft:iron_axe":14,"minecraft:iron_pickaxe":42,"minecraft:iron_helmet":2,"minecraft:iron_boots":2,"minecraft:cobblestone":26,"minecraft:cobbled_deepslate_slab":1,"minecraft:cooked_porkchop":13,"minecraft:bucket":36,"minecraft:cooked_beef":1,"minecraft:iron_leggings":2,"moguns:scar_l":61},"minecraft:picked_up":{"born_in_chaos_v1:corpse_maggot":7,"minecraft:iron_chestplate":3,"minecraft:wheat":1,"born_in_chaos_v1:monster_flesh":1,"minecraft:diamond_sword":1,"minecraft:gunpowder":2,"simpletomb:grave_key":1,"minecraft:string":4,"minecraft:dirt":56,"minecraft:iron_axe":3,"moguns:glock17":1,"minecraft:iron_leggings":3,"minecraft:bone":2,"minecraft:acacia_trapdoor":1,"minecraft:wheat_seeds":14,"minecraft:spruce_planks":4,"minecraft:cobbled_deepslate_slab":1,"minecraft:iron_ingot":96,"minecraft:iron_pickaxe":3,"sophisticatedbackpacks:diamond_backpack":3,"minecraft:phantom_membrane":1,"minecraft:iron_boots":3,"minecraft:stick":2,"minecraft:polished_deepslate_slab":1,"minecraft:cooked_porkchop":64,"sophisticatedbackpacks:auto_smoking_upgrade":1,"sophisticatedbackpacks:crafting_upgrade":1,"minecraft:torch":72,"born_in_chaos_v1:ethereal_spirit":1,"minecraft:spruce_fence":1,"minecraft:sand":10,"sophisticatedbackpacks:iron_backpack":1,"minecraft:carrot":8,"minecraft:redstone":64,"minecraft:spider_eye":4,"minecraft:arrow":3,"minecraft:rotten_flesh":4,"minecraft:diamond":9,"minecraft:iron_helmet":2,"minecraft:emerald":1,"minecraft:cobblestone":21,"minecraft:diamond_pickaxe":1}},"DataVersion":3120}