{"stats":{"minecraft:killed":{"born_in_chaos_v1:zombie_clown":1,"minecraft:spider":4,"minecraft:skeleton":2,"midnightlurker:midnight_lurker_runaway":1,"kevin_trophy:crawler_zombie":1,"minecraft:zombie":8,"born_in_chaos_v1:corpse_fly":1,"born_in_chaos_v1:bonescaller_not_despawn":2,"minecraft:stray":1},"minecraft:dropped":{"sophisticatedbackpacks:iron_backpack":2,"minecraft:water_bucket":3,"born_in_chaos_v1:intoxicating_decoction":2,"minecraft:iron_sword":2,"minecraft:black_dye":1,"minecraft:wheat_seeds":9,"minecraft:diamond_axe":1,"minecraft:cooked_beef":64,"simpletomb:grave_key":3,"minecraft:diamond_leggings":1,"minecraft:feather":6,"minecraft:iron_helmet":1,"minecraft:cobblestone":57,"minecraft:apple":53,"minecraft:leather":15,"minecraft:quartz_pillar":6,"born_in_chaos_v1:soul_cutlass":1,"minecraft:golden_apple":25,"minecraft:emerald":5,"minecraft:stick":3,"born_in_chaos_v1:pumpkin_staff":1,"minecraft:diorite":2,"minecraft:diamond_helmet":1,"sophisticatedbackpacks:netherite_backpack":5,"minecraft:iron_leggings":1,"minecraft:chain":1,"minecraft:orange_bed":1,"minecraft:white_wool":2,"minecraft:bone":1,"minecraft:polished_andesite_slab":3,"minecraft:coarse_dirt":3,"minecraft:andesite_slab":1,"minecraft:chicken":7,"minecraft:rotten_flesh":9,"minecraft:iron_boots":1,"minecraft:diamond_shovel":1,"minecraft:cooked_mutton":128,"sophisticatedbackpacks:diamond_backpack":1,"minecraft:carrot":65,"minecraft:lily_of_the_valley":1,"minecraft:poppy":4,"minecraft:polished_granite_stairs":1,"minecraft:tipped_arrow":1,"minecraft:diamond_chestplate":1,"minecraft:iron_chestplate":1,"minecraft:quartz_stairs":1,"minecraft:diamond_boots":1,"minecraft:arrow":5,"born_in_chaos_v1:supreme_measure":1,"minecraft:quartz":3,"minecraft:cyan_bed":1,"minecraft:polished_granite":9},"minecraft:killed_by":{"midnightlurker:midnight_lurker_aggressive":4,"minecraft:player":20,"minecraft:creeper":2,"minecraft:spider":1,"seadwellers:mermorph_river":1,"sanitydim:rotting_stalker":4,"sanitydim:sneaking_terror":2,"the_one_who_watches:toww_running":9,"kevin_trophy:blister_zombie":1,"born_in_chaos_v1:supreme_bonescaller_stage_2":1,"midnightlurker:midnight_lurker_stare":1,"born_in_chaos_v1:dread_hound":1},"minecraft:broken":{"minecraft:iron_leggings":1,"minecraft:iron_helmet":1},"minecraft:crafted":{"minecraft:oak_planks":4,"minecraft:crafting_table":1,"minecraft:iron_helmet":1,"minecraft:iron_chestplate":1,"minecraft:iron_ingot":9,"minecraft:iron_leggings":1,"sophisticatedbackpacks:netherite_backpack":1,"minecraft:acacia_planks":4},"minecraft:custom":{"minecraft:mob_kills":23,"minecraft:interact_with_anvil":8,"minecraft:interact_with_crafting_table":5,"minecraft:open_barrel":3,"minecraft:bell_ring":7,"minecraft:damage_dealt_resisted":1028,"minecraft:leave_game":6,"minecraft:time_since_death":7510,"minecraft:climb_one_cm":2309,"minecraft:sprint_one_cm":333265,"minecraft:walk_one_cm":425537,"minecraft:damage_blocked_by_shield":975,"minecraft:drop":88,"minecraft:play_time":267597,"minecraft:deaths":80,"minecraft:sneak_time":22117,"minecraft:walk_under_water_one_cm":117822,"minecraft:jump":3653,"minecraft:walk_on_water_one_cm":35332,"minecraft:total_world_time":267597,"minecraft:sleep_in_bed":6,"minecraft:time_since_rest":7579,"minecraft:damage_taken":75056,"minecraft:trigger_trapped_chest":25,"minecraft:damage_dealt":3435,"minecraft:swim_one_cm":34057,"minecraft:fly_one_cm":701186,"minecraft:player_kills":12,"minecraft:open_chest":60,"minecraft:crouch_one_cm":37044,"minecraft:fall_one_cm":713417,"minecraft:horse_one_cm":174473},"minecraft:mined":{"minecraft:jungle_leaves":1,"minecraft:grass_block":3,"minecraft:oxeye_daisy":16,"minecraft:tall_seagrass":1,"minecraft:fire":1,"minecraft:azure_bluet":1,"minecraft:bookshelf":3,"minecraft:dirt_path":2,"minecraft:stripped_acacia_log":2,"minecraft:pink_tulip":4,"minecraft:stone":12,"minecraft:iron_block":1,"minecraft:orange_bed":1,"minecraft:acacia_leaves":2,"minecraft:kelp_plant":1,"minecraft:lily_of_the_valley":1,"minecraft:dandelion":3,"minecraft:cornflower":1,"minecraft:torch":1,"minecraft:oak_wood":1,"minecraft:poppy":1,"minecraft:chest":1,"minecraft:andesite_slab":2,"minecraft:tall_grass":4,"minecraft:cobblestone":3,"minecraft:cyan_bed":1,"minecraft:wall_torch":1,"minecraft:wheat":3,"minecraft:magenta_bed":4,"minecraft:birch_leaves":7,"minecraft:grass":6,"minecraft:oak_log":1,"minecraft:coal_ore":7,"minecraft:sand":19,"minecraft:dirt":24,"minecraft:acacia_planks":1,"minecraft:deepslate":2},"minecraft:picked_up":{"minecraft:iron_chestplate":2,"minecraft:wheat":17,"minecraft:azure_bluet":1,"minecraft:chicken":18,"born_in_chaos_v1:seedof_chaos":2,"minecraft:lead":1,"minecraft:diamond_sword":1,"minecraft:wither_rose":1,"minecraft:enchanted_book":13,"minecraft:chain":1,"minecraft:cornflower":1,"minecraft:string":1,"minecraft:iron_axe":1,"minecraft:iron_leggings":2,"born_in_chaos_v1:intoxicating_decoction":2,"minecraft:diamond_leggings":3,"minecraft:cobbled_deepslate":5,"minecraft:beef":8,"minecraft:poppy":5,"minecraft:light_gray_wool":1,"sophisticatedbackpacks:netherite_backpack":6,"minecraft:chest":1,"minecraft:iron_boots":2,"minecraft:egg":20,"minecraft:tipped_arrow":1,"minecraft:dark_oak_sapling":1,"minecraft:stick":8,"minecraft:copper_ingot":3,"sophisticatedbackpacks:crafting_upgrade":1,"minecraft:oak_fence":1,"minecraft:torch":1,"minecraft:quartz_pillar":8,"minecraft:diorite":11,"born_in_chaos_v1:pieceofdarkmetal":3,"minecraft:carrot":74,"minecraft:redstone":126,"minecraft:golden_chestplate":1,"minecraft:iron_horse_armor":1,"minecraft:purple_terracotta":16,"minecraft:dark_oak_planks":1,"minecraft:black_dye":2,"minecraft:orange_bed":1,"minecraft:polished_granite_stairs":2,"minecraft:arrow":7,"minecraft:diamond_chestplate":3,"minecraft:rotten_flesh":14,"farmersdelight:onion":16,"minecraft:diamond_boots":3,"minecraft:iron_block":1,"minecraft:glistering_melon_slice":13,"minecraft:pink_tulip":4,"born_in_chaos_v1:spiny_shell":3,"minecraft:saddle":1,"minecraft:totem_of_undying":3,"minecraft:obsidian":8,"minecraft:glow_berries":1,"minecraft:mutton":1,"minecraft:white_wool":3,"minecraft:cobblestone":259,"minecraft:oxeye_daisy":16,"born_in_chaos_v1:corpse_maggot":11,"minecraft:feather":2,"minecraft:cooked_beef":64,"minecraft:iron_door":2,"born_in_chaos_v1:monster_flesh":1,"born_in_chaos_v1:pumpkin_staff":2,"minecraft:glow_ink_sac":3,"minecraft:water_bucket":3,"minecraft:leather":93,"minecraft:potato":5,"minecraft:oak_log":1,"sophisticatedbackpacks:smoking_upgrade":1,"minecraft:magenta_bed":6,"minecraft:gunpowder":1,"simpletomb:grave_key":1,"minecraft:lapis_lazuli":34,"minecraft:dirt":48,"minecraft:red_carpet":18,"born_in_chaos_v1:monster_skin":37,"minecraft:cooked_mutton":128,"minecraft:acacia_planks":5,"minecraft:bone":77,"born_in_chaos_v1:soul_cutlass":1,"minecraft:apple":64,"minecraft:wheat_seeds":32,"minecraft:iron_ingot":112,"minecraft:cooked_chicken":65,"minecraft:diamond_helmet":3,"minecraft:polished_andesite_slab":6,"sophisticatedbackpacks:diamond_backpack":2,"minecraft:quartz":3,"minecraft:dandelion":13,"minecraft:sand":18,"sophisticatedbackpacks:iron_backpack":2,"minecraft:cyan_bed":1,"minecraft:lily_of_the_valley":1,"minecraft:quartz_bricks":11,"minecraft:stripped_acacia_log":3,"minecraft:oak_wood":1,"born_in_chaos_v1:supreme_measure":1,"minecraft:diamond_shovel":2,"minecraft:diamond":25,"minecraft:iron_helmet":2,"minecraft:granite":3,"minecraft:diamond_axe":2,"minecraft:golden_apple":25,"minecraft:emerald":18,"minecraft:bread":68,"minecraft:oak_sapling":2,"minecraft:coal":7,"minecraft:andesite_slab":3,"minecraft:diamond_pickaxe":4,"minecraft:ender_pearl":7},"minecraft:used":{"minecraft:oak_fence":1,"securitycraft:emerald_mine":1,"minecraft:chest":1,"minecraft:shield":19,"born_in_chaos_v1:shell_mace":40,"minecraft:cooked_chicken":1,"simpletomb:grave_key":44,"minecraft:iron_chestplate":1,"minecraft:torch":6,"minecraft:dirt":52,"minecraft:anvil":1,"minecraft:carrot":1,"born_in_chaos_v1:corpse_maggot":1,"minecraft:dark_oak_planks":1,"born_in_chaos_v1:smoked_flesh":11,"minecraft:iron_axe":8,"minecraft:iron_helmet":1,"minecraft:cooked_beef":9,"minecraft:acacia_planks":5,"minecraft:cobbled_deepslate":5,"minecraft:iron_leggings":1,"minecraft:water_bucket":35,"minecraft:andesite_slab":1,"farmersdelight:onion":1,"minecraft:sand":22,"minecraft:crafting_table":2,"minecraft:magenta_bed":7,"minecraft:oak_log":2,"minecraft:diamond_pickaxe":28,"minecraft:apple":3,"minecraft:diamond_shovel":27,"minecraft:bread":3,"minecraft:polished_andesite_slab":3,"minecraft:cobblestone":62,"minecraft:bucket":35,"minecraft:wither_rose":2,"minecraft:dandelion":2}},"DataVersion":3120}